False_Positive_Rate,True_Positive_Rate
0.0,0.0
0.0,0.0006176652254478073
0.0,0.033353922174181594
0.00014795088030773783,0.033353922174181594
0.00014795088030773783,0.04694255713403336
0.00014795088030773783,0.04879555281037678
0.00014795088030773783,0.05003088326127239
0.00029590176061547566,0.05003088326127239
0.00029590176061547566,0.06176652254478073
0.00029590176061547566,0.06300185299567634
0.00029590176061547566,0.07041383570105003
0.00029590176061547566,0.07164916615194565
0.00029590176061547566,0.07782581840642372
0.00029590176061547566,0.07967881408276714
0.00029590176061547566,0.08214947498455837
0.00029590176061547566,0.08338480543545398
0.00029590176061547566,0.1099444101297097
0.0004438526409232135,0.1099444101297097
0.0004438526409232135,0.12909203211859172
0.0004438526409232135,0.13032736256948735
0.0004438526409232135,0.13094502779493514
0.0004438526409232135,0.13218035824583077
0.0004438526409232135,0.13341568869672638
0.0007397544015386891,0.13341568869672638
0.0007397544015386891,0.1432983323038913
0.000887705281846427,0.1432983323038913
0.000887705281846427,0.1445336627547869
0.000887705281846427,0.1457689932056825
0.000887705281846427,0.16615194564546015
0.000887705281846427,0.16738727609635579
0.000887705281846427,0.17418159357628166
0.001035656162154165,0.17418159357628166
0.001035656162154165,0.17603458925262508
0.0011836070424619026,0.17603458925262508
0.0011836070424619026,0.19209388511426806
0.0011836070424619026,0.1945645460160593
0.0011836070424619026,0.1957998764669549
0.0013315579227696406,0.1957998764669549
0.0013315579227696406,0.2025941939468808
0.0014795088030773783,0.2025941939468808
0.0014795088030773783,0.2038295243977764
0.0016274596833851162,0.2038295243977764
0.0016274596833851162,0.21371216800494133
0.001775410563692854,0.21371216800494133
0.001775410563692854,0.21741815935762818
0.0019233614440005919,0.21741815935762818
0.0019233614440005919,0.23780111179740582
0.00207131232430833,0.23780111179740582
0.00207131232430833,0.2458307597282273
0.0022192632046160675,0.2458307597282273
0.0022192632046160675,0.24891908585546635
0.0023672140849238053,0.24891908585546635
0.0023672140849238053,0.25880172946263125
0.002515164965231543,0.25880172946263125
0.002515164965231543,0.2625077208153181
0.002515164965231543,0.2637430512662137
0.002515164965231543,0.2680667078443484
0.002663115845539281,0.2680667078443484
0.002663115845539281,0.2705373687461396
0.002811066725847019,0.2705373687461396
0.002811066725847019,0.29215565163681284
0.002811066725847019,0.2933909820877085
0.002811066725847019,0.2940086473131563
0.0029590176061547566,0.2940086473131563
0.0029590176061547566,0.2983323038912909
0.0032549193667702325,0.2983323038912909
0.0032549193667702325,0.3119209388511427
0.00340287024707797,0.3125386040765905
0.00340287024707797,0.3150092649783817
0.003550821127385708,0.3150092649783817
0.003550821127385708,0.33539221741815933
0.0036987720076934456,0.33539221741815933
0.0036987720076934456,0.33662754786905497
0.0038467228880011838,0.33662754786905497
0.0038467228880011838,0.35701050030883263
0.0039946737683089215,0.35701050030883263
0.0039946737683089215,0.3576281655342804
0.00414262464861666,0.3576281655342804
0.00414262464861666,0.36133415688696724
0.004438526409232135,0.36133415688696724
0.004438526409232135,0.37677578752316243
0.004586477289539872,0.37677578752316243
0.004586477289539872,0.3841877702285361
0.0047344281698476105,0.3841877702285361
0.0047344281698476105,0.3885114268066708
0.004882379050155349,0.3885114268066708
0.004882379050155349,0.3915997529339098
0.005030329930463086,0.3915997529339098
0.005030329930463086,0.39468807906114883
0.005178280810770824,0.39468807906114883
0.005178280810770824,0.3977764051883879
0.005326231691078562,0.3977764051883879
0.005326231691078562,0.4002470660901791
0.0054741825713862996,0.4002470660901791
0.0054741825713862996,0.4064237183446572
0.005770084332001775,0.4064237183446572
0.005770084332001775,0.4224830142063002
0.005918035212309513,0.4224830142063002
0.005918035212309513,0.4237183446571958
0.006065986092617251,0.4237183446571958
0.006065986092617251,0.4249536751080914
0.006213936972924989,0.4249536751080914
0.006213936972924989,0.42680667078443485
0.006213936972924989,0.42742433600988267
0.006361887853232727,0.42742433600988267
0.006361887853232727,0.4311303273625695
0.006509838733540465,0.4311303273625695
0.006509838733540465,0.43174799258801727
0.006657789613848202,0.43174799258801727
0.006657789613848202,0.4329833230389129
0.00680574049415594,0.4329833230389129
0.00680574049415594,0.43607164916615193
0.006953691374463678,0.43607164916615193
0.006953691374463678,0.4385423100679432
0.007101642254771416,0.4385423100679432
0.007101642254771416,0.4434836318715256
0.007249593135079154,0.4434836318715256
0.007249593135079154,0.44410129709697344
0.007397544015386891,0.44410129709697344
0.007397544015386891,0.44533662754786907
0.007545494895694629,0.44533662754786907
0.007545494895694629,0.4508956145768993
0.0076934457760023675,0.4508956145768993
0.0076934457760023675,0.45521927115503397
0.007841396656310106,0.45521927115503397
0.007841396656310106,0.4558369363804818
0.007989347536617843,0.4558369363804818
0.007989347536617843,0.4576899320568252
0.00813729841692558,0.4576899320568252
0.00813729841692558,0.4589252625077208
0.00828524929723332,0.4589252625077208
0.00828524929723332,0.46016059295861644
0.008433200177541057,0.46016059295861644
0.008433200177541057,0.461395923409512
0.008581151057848794,0.461395923409512
0.008581151057848794,0.46263125386040765
0.008729101938156533,0.46263125386040765
0.008729101938156533,0.4644842495367511
0.00887705281846427,0.4644842495367511
0.00887705281846427,0.46757257566399013
0.009025003698772007,0.46757257566399013
0.009025003698772007,0.47066090179122916
0.009172954579079745,0.47066090179122916
0.009172954579079745,0.474366893143916
0.009320905459387484,0.474366893143916
0.009320905459387484,0.4749845583693638
0.009468856339695221,0.4749845583693638
0.009468856339695221,0.4793082149474985
0.009912708980618435,0.4793082149474985
0.009912708980618435,0.48054354539839406
0.010060659860926172,0.48054354539839406
0.010060659860926172,0.4836318715256331
0.010208610741233911,0.4836318715256331
0.010208610741233911,0.4842495367510809
0.010356561621541648,0.4842495367510809
0.010356561621541648,0.48548486720197653
0.010652463382157125,0.48548486720197653
0.010652463382157125,0.48672019765287217
0.010800414262464862,0.48672019765287217
0.010800414262464862,0.49104385423100677
0.010948365142772599,0.49104385423100677
0.010948365142772599,0.4972205064854849
0.011096316023080338,0.4972205064854849
0.011096316023080338,0.4978381717109327
0.011244266903388075,0.4978381717109327
0.011244266903388075,0.5033971587399629
0.011392217783695813,0.5033971587399629
0.011392217783695813,0.506485484867202
0.012131972185234503,0.506485484867202
0.012131972185234503,0.5101914762198888
0.01227992306554224,0.5101914762198888
0.01227992306554224,0.515750463248919
0.012427873945849977,0.515750463248919
0.012427873945849977,0.5169857936998147
0.012575824826157716,0.5169857936998147
0.012575824826157716,0.5206917850525016
0.01287172658677319,0.5206917850525016
0.01287172658677319,0.5225447807288449
0.01301967746708093,0.5225447807288449
0.01301967746708093,0.5237801111797405
0.013315579227696404,0.5237801111797405
0.013315579227696404,0.5250154416306362
0.013463530108004143,0.5250154416306362
0.013463530108004143,0.5287214329833231
0.01361148098831188,0.5287214329833231
0.01361148098831188,0.535515750463249
0.013759431868619618,0.535515750463249
0.013759431868619618,0.5367510809141446
0.014203284509542832,0.5367510809141446
0.014203284509542832,0.5373687461395923
0.014647137150466045,0.5373687461395923
0.014647137150466045,0.5410747374922792
0.014795088030773782,0.5410747374922792
0.014795088030773782,0.5423100679431748
0.014943038911081521,0.5423100679431748
0.014943038911081521,0.5435453983940705
0.015090989791389259,0.5435453983940705
0.015090989791389259,0.5460160592958616
0.015238940671696996,0.5460160592958616
0.015238940671696996,0.5509573810994441
0.015386891552004735,0.5509573810994441
0.015386891552004735,0.5528103767757875
0.015978695073235686,0.5528103767757875
0.015978695073235686,0.5552810376775787
0.016126645953543423,0.5552810376775787
0.016126645953543423,0.5571340333539222
0.01627459683385116,0.5571340333539222
0.01627459683385116,0.5583693638048178
0.016422547714158898,0.5583693638048178
0.016422547714158898,0.5589870290302656
0.01657049859446664,0.5589870290302656
0.01657049859446664,0.5620753551575046
0.016718449474774376,0.5620753551575046
0.016718449474774376,0.5639283508338481
0.016866400355082113,0.5639283508338481
0.016866400355082113,0.5676343421865349
0.017162302115697588,0.5676343421865349
0.017162302115697588,0.5719579987646696
0.017458203876313066,0.5719579987646696
0.017458203876313066,0.5731933292155652
0.017606154756620803,0.5731933292155652
0.017606154756620803,0.5756639901173564
0.01775410563692854,0.5756639901173564
0.01775410563692854,0.5762816553428042
0.017902056517236278,0.5762816553428042
0.017902056517236278,0.576899320568252
0.018050007397544015,0.576899320568252
0.018050007397544015,0.5799876466954911
0.018197958277851752,0.5799876466954911
0.018197958277851752,0.5806053119209389
0.01834590915815949,0.5806053119209389
0.01834590915815949,0.5818406423718344
0.01849386003846723,0.5818406423718344
0.01849386003846723,0.58307597282273
0.018789761799082705,0.58307597282273
0.018789761799082705,0.5849289684990735
0.018937712679390442,0.5849289684990735
0.018937712679390442,0.5855466337245213
0.01908566355969818,0.5855466337245213
0.01908566355969818,0.5886349598517604
0.019233614440005917,0.5886349598517604
0.019233614440005917,0.5898702903026559
0.019381565320313657,0.5898702903026559
0.019381565320313657,0.5904879555281037
0.019677467080929132,0.5904879555281037
0.019677467080929132,0.5923409512044472
0.01982541796123687,0.5923409512044472
0.01982541796123687,0.592958616429895
0.02026927060216008,0.592958616429895
0.02026927060216008,0.5935762816553428
0.020417221482467822,0.5935762816553428
0.020417221482467822,0.5960469425571341
0.02056517236277556,0.5960469425571341
0.02056517236277556,0.5966646077825818
0.020713123243083296,0.5966646077825818
0.020713123243083296,0.5997529339098209
0.020861074123391034,0.5997529339098209
0.020861074123391034,0.6003705991352687
0.02115697588400651,0.6003705991352687
0.02115697588400651,0.6096355775169858
0.02174877940523746,0.6096355775169858
0.02174877940523746,0.612106238418777
0.021896730285545198,0.612106238418777
0.021896730285545198,0.6164298949969117
0.022044681165852936,0.6164298949969117
0.022044681165852936,0.6182828906732551
0.022192632046160676,0.6182828906732551
0.022192632046160676,0.6201358863495985
0.022340582926468414,0.6201358863495985
0.022340582926468414,0.6219888820259419
0.02248853380677615,0.6219888820259419
0.02248853380677615,0.6226065472513898
0.022636484687083888,0.6226065472513898
0.022636484687083888,0.6232242124768376
0.022932386447699363,0.6232242124768376
0.022932386447699363,0.6244595429277332
0.023672140849238053,0.6244595429277332
0.023672140849238053,0.6256948733786288
0.024115993490161268,0.6256948733786288
0.024115993490161268,0.62816553428042
0.024263944370469005,0.62816553428042
0.024263944370469005,0.6300185299567634
0.02455984613108448,0.6300185299567634
0.02455984613108448,0.6306361951822113
0.024707797011392217,0.6306361951822113
0.024707797011392217,0.6331068560840025
0.025151649652315432,0.6331068560840025
0.025151649652315432,0.6361951822112415
0.025447551412930907,0.6361951822112415
0.025595502293238644,0.6368128474366893
0.025595502293238644,0.6386658431130328
0.02574345317354638,0.6386658431130328
0.02574345317354638,0.6399011735639284
0.02603935493416186,0.6399011735639284
0.02603935493416186,0.6448424953675108
0.026187305814469597,0.6448424953675108
0.026187305814469597,0.6460778258184064
0.02648320757508507,0.6460778258184064
0.02648320757508507,0.6473131562693021
0.027075011096316024,0.6473131562693021
0.027075011096316024,0.6479308214947499
0.02722296197662376,0.6479308214947499
0.02722296197662376,0.6491661519456454
0.0273709128569315,0.6491661519456454
0.0273709128569315,0.650401482396541
0.02796271637816245,0.650401482396541
0.02796271637816245,0.6516368128474367
0.028258618138777926,0.6516368128474367
0.028258618138777926,0.6534898085237801
0.028702470779701138,0.6534898085237801
0.028702470779701138,0.654107473749228
0.029146323420624353,0.654107473749228
0.029146323420624353,0.6559604694255713
0.02929427430093209,0.6559604694255713
0.02929427430093209,0.6578134651019147
0.029442225181239828,0.6578134651019147
0.029442225181239828,0.6584311303273626
0.030329930463086255,0.6584311303273626
0.030329930463086255,0.6590487955528104
0.03062583222370173,0.6590487955528104
0.03062583222370173,0.6596664607782582
0.03077378310400947,0.6596664607782582
0.03077378310400947,0.660284126003706
0.03151353750554816,0.660284126003706
0.03151353750554816,0.6609017912291538
0.0316614883858559,0.6609017912291538
0.0316614883858559,0.6615194564546016
0.031809439266163635,0.6615194564546016
0.031809439266163635,0.6627547869054973
0.03210534102677911,0.6627547869054973
0.03210534102677911,0.6639901173563928
0.03254919366770232,0.6639901173563928
0.03254919366770232,0.6646077825818406
0.032845095428317796,0.6646077825818406
0.032845095428317796,0.6652254478072884
0.03299304630862553,0.6652254478072884
0.03299304630862553,0.6658431130327362
0.03314099718893328,0.6658431130327362
0.03314099718893328,0.6664607782581841
0.033288948069241014,0.6664607782581841
0.033288948069241014,0.6683137739345275
0.03358484982985649,0.6683137739345275
0.03358484982985649,0.6689314391599753
0.033732800710164226,0.6689314391599753
0.033732800710164226,0.670166769610871
0.03417665335108744,0.670166769610871
0.03417665335108744,0.6707844348363187
0.034324604231395175,0.6707844348363187
0.034324604231395175,0.6714021000617665
0.03447255511170291,0.6714021000617665
0.03447255511170291,0.6720197652872143
0.03491640775262613,0.6720197652872143
0.03491640775262613,0.6738727609635577
0.035212309513241606,0.6738727609635577
0.035212309513241606,0.6775787523162446
0.03550821127385708,0.6775787523162446
0.03550821127385708,0.679431747992588
0.03565616215416482,0.679431747992588
0.03565616215416482,0.6806670784434836
0.035804113034472555,0.6806670784434836
0.035804113034472555,0.6812847436689314
0.03610001479508803,0.6812847436689314
0.03610001479508803,0.6825200741198271
0.03669181831631898,0.6825200741198271
0.03669181831631898,0.6837554045707227
0.03683976919662672,0.6837554045707227
0.03683976919662672,0.6843730697961705
0.0371356709572422,0.6843730697961705
0.0371356709572422,0.6868437306979617
0.037283621837549935,0.6868437306979617
0.037283621837549935,0.6880790611488573
0.03743157271785767,0.6880790611488573
0.03743157271785767,0.6886967263743051
0.037875425358780884,0.6886967263743051
0.03802337623908862,0.6893143915997529
0.03817132711939636,0.6893143915997529
0.03817132711939636,0.6905497220506486
0.03861517976031957,0.6905497220506486
0.03861517976031957,0.6911673872760964
0.038763130640627315,0.6911673872760964
0.038763130640627315,0.6930203829524397
0.039354934161858264,0.6930203829524397
0.039354934161858264,0.6973440395305744
0.039502885042166,0.6973440395305744
0.039502885042166,0.6979617047560223
0.03965083592247374,0.6979617047560223
0.03965083592247374,0.6991970352069179
0.03994673768308921,0.6991970352069179
0.03994673768308921,0.6998147004323657
0.04009468856339695,0.6998147004323657
0.04009468856339695,0.7010500308832612
0.04024263944370469,0.7010500308832612
0.04024263944370469,0.701667696108709
0.04098239384524338,0.701667696108709
0.04098239384524338,0.7029030265596047
0.04113034472555112,0.7029030265596047
0.04113034472555112,0.7035206917850525
0.04142624648616659,0.7035206917850525
0.04142624648616659,0.7047560222359481
0.04231395176801302,0.7047560222359481
0.04231395176801302,0.705373687461396
0.04246190264832076,0.705373687461396
0.04246190264832076,0.7059913526868438
0.0426098535286285,0.7059913526868438
0.0426098535286285,0.7072266831377394
0.042757804408936236,0.7072266831377394
0.042757804408936236,0.7084620135886349
0.04290575528924397,0.7084620135886349
0.04290575528924397,0.7096973440395306
0.04305370616955171,0.7096973440395306
0.04305370616955171,0.7109326744904262
0.04349755881047492,0.7109326744904262
0.04349755881047492,0.7121680049413218
0.04364550969078266,0.7121680049413218
0.04364550969078266,0.7127856701667696
0.043793460571090397,0.7127856701667696
0.043793460571090397,0.7134033353922175
0.043941411451398134,0.7134033353922175
0.043941411451398134,0.7158739962940086
0.04408936233170587,0.7158739962940086
0.04408936233170587,0.7164916615194564
0.04423731321201361,0.7164916615194564
0.04423731321201361,0.7189623224212477
0.04453321497262909,0.7189623224212477
0.04453321497262909,0.721432983323039
0.044829116733244564,0.721432983323039
0.044829116733244564,0.7220506485484868
0.0449770676135523,0.7220506485484868
0.0449770676135523,0.7226683137739345
0.04512501849386004,0.7226683137739345
0.04512501849386004,0.7232859789993823
0.045272969374167776,0.7232859789993823
0.045272969374167776,0.7239036442248301
0.04601272377570646,0.7239036442248301
0.04601272377570646,0.7251389746757257
0.046308625536321944,0.7251389746757257
0.046308625536321944,0.7263743051266214
0.04764018345909158,0.7263743051266214
0.04764018345909158,0.7269919703520692
0.04778813433939932,0.7269919703520692
0.04778813433939932,0.727609635577517
0.047936085219707054,0.727609635577517
0.047936085219707054,0.7294626312538605
0.04808403610001479,0.7294626312538605
0.04808403610001479,0.7300802964793082
0.048231986980322536,0.7300802964793082
0.048231986980322536,0.730697961704756
0.04837993786063027,0.730697961704756
0.04837993786063027,0.7331686226065472
0.04911969226216896,0.7331686226065472
0.04911969226216896,0.7337862878319951
0.049415594022784434,0.7337862878319951
0.049415594022784434,0.7344039530574429
0.05000739754401539,0.7344039530574429
0.05000739754401539,0.7350216182828907
0.050303299304630865,0.7350216182828907
0.050303299304630865,0.7362569487337863
0.05059920106524634,0.7362569487337863
0.05059920106524634,0.7368746139592341
0.05148690634709276,0.7368746139592341
0.05148690634709276,0.7381099444101297
0.0516348572274005,0.7381099444101297
0.0516348572274005,0.7393452748610253
0.05178280810770824,0.7393452748610253
0.05178280810770824,0.7430512662137122
0.05207870986832372,0.7430512662137122
0.05207870986832372,0.74366893143916
0.05222666074863146,0.74366893143916
0.05222666074863146,0.7442865966646078
0.05252256250924693,0.7442865966646078
0.05252256250924693,0.7449042618900555
0.05267051338955467,0.7449042618900555
0.05267051338955467,0.7455219271155034
0.052818464269862406,0.7455219271155034
0.052818464269862406,0.746757257566399
0.05326231691078562,0.746757257566399
0.05326231691078562,0.7473749227918468
0.05400207131232431,0.7473749227918468
0.05400207131232431,0.7479925880172946
0.054297973072939786,0.7479925880172946
0.054297973072939786,0.7486102532427424
0.05444592395324752,0.7486102532427424
0.05444592395324752,0.7498455836936381
0.05503772747447847,0.7498455836936381
0.05503772747447847,0.7504632489190859
0.05562953099570942,0.7504632489190859
0.05562953099570942,0.7510809141445337
0.055777481876017165,0.7510809141445337
0.055777481876017165,0.7516985793699815
0.05607338363663264,0.7516985793699815
0.05607338363663264,0.7523162445954292
0.05651723627755585,0.7523162445954292
0.05651723627755585,0.7535515750463249
0.05666518715786359,0.7535515750463249
0.05666518715786359,0.7541692402717727
0.05755289243971002,0.7541692402717727
0.05755289243971002,0.7547869054972205
0.057848794200325494,0.7547869054972205
0.057848794200325494,0.7554045707226683
0.05814469596094097,0.7554045707226683
0.05814469596094097,0.7560222359481161
0.058292646841248706,0.7560222359481161
0.058292646841248706,0.756639901173564
0.05918035212309513,0.756639901173564
0.05918035212309513,0.7572575663990118
0.05947625388371061,0.7572575663990118
0.05947625388371061,0.7578752316244596
0.05962420476401835,0.7578752316244596
0.05962420476401835,0.7603458925262507
0.05992010652463382,0.7603458925262507
0.05992010652463382,0.7609635577516985
0.06051191004586477,0.7609635577516985
0.06051191004586477,0.7615812229771464
0.06080781180648025,0.7615812229771464
0.06080781180648025,0.762816553428042
0.060955762686787984,0.762816553428042
0.060955762686787984,0.7634342186534898
0.06110371356709572,0.7634342186534898
0.06110371356709572,0.7640518838789376
0.06125166444740346,0.7640518838789376
0.06125166444740346,0.7646695491043854
0.061843467968634415,0.7646695491043854
0.061843467968634415,0.7652872143298333
0.06213936972924989,0.7652872143298333
0.06213936972924989,0.7659048795552811
0.06228732060955763,0.7659048795552811
0.06228732060955763,0.7665225447807289
0.062435271489865364,0.7665225447807289
0.062435271489865364,0.7671402100061766
0.06287912413078858,0.7671402100061766
0.06287912413078858,0.7683755404570722
0.06302707501109632,0.7683755404570722
0.06302707501109632,0.76899320568252
0.06391478029294274,0.76899320568252
0.06391478029294274,0.7696108709079679
0.06421068205355822,0.7696108709079679
0.06421068205355822,0.7702285361334157
0.06524633821571238,0.7702285361334157
0.06524633821571238,0.7708462013588635
0.06554223997632785,0.7708462013588635
0.06554223997632785,0.7714638665843113
0.06613404349755882,0.7714638665843113
0.06613404349755882,0.772699197035207
0.06628199437786655,0.772699197035207
0.06628199437786655,0.7739345274861026
0.0668737978990975,0.7739345274861026
0.0668737978990975,0.7745521927115503
0.06702174877940524,0.7745521927115503
0.06702174877940524,0.7751698579369981
0.06716969965971298,0.7751698579369981
0.06716969965971298,0.7757875231624459
0.06731765054002072,0.7757875231624459
0.06731765054002072,0.7764051883878937
0.06776150318094393,0.7764051883878937
0.06776150318094393,0.7776405188387894
0.06983281550525226,0.7776405188387894
0.06983281550525226,0.7782581840642372
0.07012871726586774,0.7782581840642372
0.07012871726586774,0.778875849289685
0.07042461902648321,0.778875849289685
0.07042461902648321,0.7807288449660285
0.07072052078709869,0.7807288449660285
0.07072052078709869,0.7813465101914763
0.07086847166740642,0.7813465101914763
0.07086847166740642,0.7825818406423718
0.07146027518863737,0.7825818406423718
0.07146027518863737,0.7831995058678196
0.07220002959017606,0.7831995058678196
0.07220002959017606,0.7844348363187152
0.0735315875129457,0.7844348363187152
0.0735315875129457,0.7850525015441631
0.07367953839325345,0.7850525015441631
0.07367953839325345,0.7856701667696109
0.07382748927356118,0.7856701667696109
0.07382748927356118,0.7869054972205065
0.0742713419144844,0.7869054972205065
0.0742713419144844,0.7875231624459543
0.07515904719633082,0.7875231624459543
0.07515904719633082,0.7893761581222977
0.07604675247817724,0.7893761581222977
0.07604675247817724,0.7912291537986411
0.07649060511910045,0.7912291537986411
0.07649060511910045,0.7924644842495367
0.07737831040094689,0.7924644842495367
0.07737831040094689,0.7943174799258802
0.07767421216156237,0.7943174799258802
0.07767421216156237,0.794935145151328
0.07856191744340879,0.794935145151328
0.07856191744340879,0.7961704756022236
0.07870986832371653,0.7961704756022236
0.07870986832371653,0.7967881408276714
0.07915372096463974,0.7967881408276714
0.07915372096463974,0.7974058060531192
0.07930167184494748,0.7974058060531192
0.07930167184494748,0.798023471278567
0.07974552448587069,0.798023471278567
0.07974552448587069,0.7992588017294626
0.07989347536617843,0.7992588017294626
0.07989347536617843,0.7998764669549104
0.08078118064802485,0.7998764669549104
0.08078118064802485,0.8004941321803583
0.08107708240864032,0.8004941321803583
0.08107708240864032,0.8011117974058061
0.08137298416925581,0.8011117974058061
0.08137298416925581,0.8017294626312539
0.08181683681017902,0.8017294626312539
0.08181683681017902,0.8023471278567017
0.08196478769048676,0.8023471278567017
0.08196478769048676,0.8035824583075973
0.0821127385707945,0.8035824583075973
0.0821127385707945,0.804200123533045
0.08270454209202545,0.804200123533045
0.08270454209202545,0.8048177887584929
0.08300044385264092,0.8048177887584929
0.08300044385264092,0.8054354539839407
0.08374019825417961,0.8054354539839407
0.08374019825417961,0.8060531192093885
0.08462790353602603,0.8060531192093885
0.08462790353602603,0.8079061148857319
0.08551560881787247,0.8079061148857319
0.08551560881787247,0.8091414453366276
0.08566355969818021,0.8091414453366276
0.08566355969818021,0.8097591105620754
0.08581151057848795,0.8097591105620754
0.08581151057848795,0.810994441012971
0.08625536321941116,0.810994441012971
0.08625536321941116,0.8128474366893144
0.08655126498002663,0.8128474366893144
0.08655126498002663,0.8134651019147622
0.0868471667406421,0.8134651019147622
0.0868471667406421,0.81408276714021
0.08714306850125758,0.81408276714021
0.08714306850125758,0.8147004323656578
0.08743897026187306,0.8147004323656578
0.08743897026187306,0.8153180975911056
0.08758692114218079,0.8153180975911056
0.08758692114218079,0.8159357628165534
0.08773487202248853,0.8159357628165534
0.08773487202248853,0.8165534280420013
0.08847462642402722,0.8165534280420013
0.08847462642402722,0.8171710932674491
0.08891847906495044,0.8171710932674491
0.08891847906495044,0.8177887584928969
0.09291315283325936,0.8177887584928969
0.09291315283325936,0.8184064237183447
0.094244710756029,0.8184064237183447
0.094244710756029,0.8190240889437924
0.09439266163633674,0.8190240889437924
0.09439266163633674,0.8196417541692402
0.09454061251664447,0.8196417541692402
0.09454061251664447,0.820259419394688
0.09483651427725995,0.820259419394688
0.09483651427725995,0.8214947498455837
0.09631602308033733,0.8214947498455837
0.09631602308033733,0.8221124150710315
0.09661192484095281,0.8221124150710315
0.09661192484095281,0.8227300802964793
0.09779553188341471,0.8227300802964793
0.09779553188341471,0.823965410747375
0.09794348276372244,0.823965410747375
0.09794348276372244,0.8245830759728228
0.09809143364403018,0.8245830759728228
0.09809143364403018,0.8252007411982706
0.09942299156679982,0.8252007411982706
0.09942299156679982,0.8258184064237184
0.10031069684864626,0.8258184064237184
0.10075454948956947,0.8258184064237184
0.1009025003698772,0.8258184064237184
0.1009025003698772,0.8270537368746139
0.10105045125018494,0.8270537368746139
0.10105045125018494,0.8276714021000617
0.10119840213049268,0.8276714021000617
0.10119840213049268,0.8282890673255096
0.10267791093357005,0.8282890673255096
0.10267791093357005,0.8289067325509574
0.10297381269418553,0.8289067325509574
0.10297381269418553,0.8295243977764052
0.103269714454801,0.8295243977764052
0.103269714454801,0.830142063001853
0.10371356709572421,0.830142063001853
0.10371356709572421,0.8307597282273008
0.10460127237757065,0.8307597282273008
0.10460127237757065,0.8319950586781965
0.10593283030034029,0.8319950586781965
0.10593283030034029,0.8332303891290921
0.10622873206095576,0.8332303891290921
0.10622873206095576,0.8338480543545398
0.10696848646249445,0.8338480543545398
0.10696848646249445,0.8350833848054354
0.10770824086403315,0.8350833848054354
0.10770824086403315,0.8363187152563311
0.10815209350495636,0.8363187152563311
0.10815209350495636,0.8375540457072267
0.1083000443852641,0.8375540457072267
0.10844799526557183,0.8381717109326745
0.10859594614587957,0.8381717109326745
0.10859594614587957,0.8387893761581223
0.10903979878680278,0.8387893761581223
0.10903979878680278,0.8394070413835701
0.10918774966711052,0.8394070413835701
0.10918774966711052,0.840024706609018
0.10933570054741826,0.840024706609018
0.10933570054741826,0.8412600370599135
0.11022340582926468,0.8412600370599135
0.11022340582926468,0.8431130327362569
0.1106672584701879,0.8431130327362569
0.1106672584701879,0.8437306979617047
0.1111111111111111,0.8437306979617047
0.1111111111111111,0.8443483631871526
0.11125906199141884,0.8443483631871526
0.11125906199141884,0.8449660284126004
0.1114070128717266,0.8449660284126004
0.1114070128717266,0.8455836936380482
0.1118508655126498,0.8455836936380482
0.1118508655126498,0.8468190240889438
0.11244266903388075,0.8468190240889438
0.11244266903388075,0.8474366893143916
0.11333037431572718,0.8474366893143916
0.11333037431572718,0.8480543545398395
0.11377422695665039,0.8480543545398395
0.11377422695665039,0.849289684990735
0.11466193223849681,0.849289684990735
0.11466193223849681,0.8517603458925262
0.1161414410415742,0.8517603458925262
0.1161414410415742,0.8523780111179741
0.11658529368249741,0.8523780111179741
0.11658529368249741,0.8536133415688697
0.11717709720372836,0.8536133415688697
0.11717709720372836,0.8542310067943175
0.11836070424619026,0.8542310067943175
0.11836070424619026,0.8560840024706609
0.1192484095280367,0.8560840024706609
0.1192484095280367,0.8567016676961087
0.1227992306554224,0.8567016676961087
0.1227992306554224,0.8573193329215565
0.12294718153573014,0.8573193329215565
0.12294718153573014,0.8579369981470043
0.12383488681757657,0.8579369981470043
0.12383488681757657,0.8591723285978999
0.12487054297973073,0.8591723285978999
0.12487054297973073,0.8597899938233478
0.12516644474034622,0.8597899938233478
0.12516644474034622,0.8604076590487956
0.1259061991418849,0.8604076590487956
0.1259061991418849,0.8610253242742434
0.12738570794496226,0.8610253242742434
0.12738570794496226,0.8616429894996912
0.12753365882527,0.8616429894996912
0.12753365882527,0.862260654725139
0.12768160970557774,0.862260654725139
0.12768160970557774,0.8628783199505868
0.13004882379050156,0.8628783199505868
0.13004882379050156,0.8634959851760345
0.13078857819204023,0.8634959851760345
0.13078857819204023,0.8647313156269302
0.13330374315727178,0.8647313156269302
0.13330374315727178,0.865348980852378
0.13359964491788726,0.865348980852378
0.13359964491788726,0.8665843113032736
0.1349312028406569,0.8665843113032736
0.1349312028406569,0.8672019765287214
0.13507915372096463,0.8672019765287214
0.13507915372096463,0.8678196417541693
0.13552300636188785,0.8678196417541693
0.13552300636188785,0.8684373069796171
0.13596685900281108,0.8684373069796171
0.13596685900281108,0.8690549722050649
0.1372984169255807,0.8690549722050649
0.1372984169255807,0.8696726374305127
0.1384820239680426,0.8696726374305127
0.1384820239680426,0.8702903026559605
0.13936972924988902,0.8702903026559605
0.13936972924988902,0.8709079678814082
0.14173694333481285,0.8709079678814082
0.14173694333481285,0.871525633106856
0.14247669773635152,0.871525633106856
0.14247669773635152,0.8721432983323039
0.14292055037727475,0.8721432983323039
0.14292055037727475,0.8727609635577517
0.14306850125758247,0.8727609635577517
0.14306850125758247,0.8733786287831995
0.14395620653942892,0.8733786287831995
0.14395620653942892,0.8739962940086473
0.14410415741973664,0.8739962940086473
0.14410415741973664,0.875231624459543
0.14440005918035212,0.875231624459543
0.14440005918035212,0.8764669549104386
0.14484391182127535,0.8764669549104386
0.14484391182127535,0.8770846201358864
0.14528776446219854,0.8770846201358864
0.14528776446219854,0.8777022853613342
0.1458795679834295,0.8777022853613342
0.1458795679834295,0.8789376158122297
0.14632342062435272,0.8789376158122297
0.14632342062435272,0.8795552810376775
0.1473590767865069,0.8795552810376775
0.1473590767865069,0.8801729462631254
0.14765497854712237,0.8801729462631254
0.14765497854712237,0.8807906114885732
0.14824678206835332,0.8807906114885732
0.14824678206835332,0.881408276714021
0.14869063470927651,0.881408276714021
0.14869063470927651,0.8820259419394688
0.15002219263204616,0.8820259419394688
0.15002219263204616,0.8826436071649166
0.1513537505548158,0.8826436071649166
0.1513537505548158,0.8838789376158123
0.15268530847758544,0.8838789376158123
0.15268530847758544,0.8844966028412601
0.1537209646397396,0.8844966028412601
0.1537209646397396,0.8851142680667079
0.1541648172806628,0.8851142680667079
0.1541648172806628,0.8863495985176034
0.15431276816097056,0.8863495985176034
0.15431276816097056,0.8869672637430512
0.15579227696404793,0.8869672637430512
0.15579227696404793,0.887584928968499
0.15697588400650983,0.887584928968499
0.15697588400650983,0.8882025941939469
0.158011540168664,0.8882025941939469
0.158011540168664,0.8888202594193947
0.1603787542535878,0.8888202594193947
0.1603787542535878,0.8894379246448425
0.16052670513389555,0.8894379246448425
0.16052670513389555,0.8900555898702903
0.16082260689451103,0.8900555898702903
0.16082260689451103,0.8906732550957381
0.16200621393697293,0.8906732550957381
0.16200621393697293,0.891290920321186
0.16215416481728065,0.891290920321186
0.16215416481728065,0.8919085855466338
0.16674064210682055,0.8919085855466338
0.16674064210682055,0.8925262507720816
0.16688859298712827,0.8925262507720816
0.16688859298712827,0.8931439159975293
0.1673324456280515,0.8931439159975293
0.1673324456280515,0.8937615812229771
0.17014351235389852,0.8937615812229771
0.17014351235389852,0.8943792464484249
0.17251072643882231,0.8943792464484249
0.17251072643882231,0.8949969116738727
0.1728066281994378,0.8949969116738727
0.1728066281994378,0.8956145768993206
0.17413818612220744,0.8956145768993206
0.17413818612220744,0.8962322421247684
0.17502589140405386,0.8962322421247684
0.17502589140405386,0.8968499073502162
0.176061547566208,0.8968499073502162
0.176061547566208,0.8980852378011118
0.1768013019677467,0.8980852378011118
0.1768013019677467,0.8987029030265596
0.17768900724959313,0.8987029030265596
0.17768900724959313,0.8993205682520075
0.1779849090102086,0.8993205682520075
0.1779849090102086,0.8999382334774553
0.1787246634117473,0.8999382334774553
0.1787246634117473,0.900555898702903
0.18197958277851753,0.900555898702903
0.18197958277851753,0.9011735639283508
0.18257138629974848,0.9011735639283508
0.18257138629974848,0.9024088943792464
0.18286728806036395,0.9024088943792464
0.18286728806036395,0.9036442248301421
0.18567835478621098,0.9036442248301421
0.18567835478621098,0.9042618900555899
0.1861222074271342,0.9042618900555899
0.1861222074271342,0.9054972205064855
0.18745376534990382,0.9054972205064855
0.18745376534990382,0.9061148857319333
0.18834147063175025,0.9061148857319333
0.18834147063175025,0.9067325509573811
0.18937712679390442,0.9067325509573811
0.18937712679390442,0.9079678814082767
0.19026483207575084,0.9079678814082767
0.19026483207575084,0.9085855466337245
0.19292794792129014,0.9085855466337245
0.19292794792129014,0.9092032118591723
0.19322384968190562,0.9092032118591723
0.19322384968190562,0.9098208770846201
0.1939636040834443,0.9098208770846201
0.1939636040834443,0.9104385423100679
0.19440745672436752,0.9104385423100679
0.19440745672436752,0.9116738727609636
0.19647876904867584,0.9116738727609636
0.19647876904867584,0.9122915379864114
0.1970705725699068,0.9122915379864114
0.1970705725699068,0.9129092032118592
0.19810622873206096,0.9129092032118592
0.19810622873206096,0.913526868437307
0.19943778665483058,0.913526868437307
0.19943778665483058,0.9141445336627548
0.19958573753513834,0.9141445336627548
0.19958573753513834,0.9147621988882026
0.20091729545790799,0.9147621988882026
0.20091729545790799,0.9153798641136504
0.20165704985944666,0.9153798641136504
0.20165704985944666,0.9159975293390982
0.20668737978990975,0.9159975293390982
0.20668737978990975,0.916615194564546
0.20831483947329488,0.916615194564546
0.20831483947329488,0.9172328597899938
0.20905459387483355,0.9172328597899938
0.20905459387483355,0.9178505250154416
0.21142180795975737,0.9178505250154416
0.21142180795975737,0.9184681902408894
0.2123095132416038,0.9184681902408894
0.2123095132416038,0.9190858554663373
0.212753365882527,0.9190858554663373
0.212753365882527,0.9197035206917851
0.21482467820683532,0.9197035206917851
0.21482467820683532,0.9203211859172329
0.21497262908714307,0.9203211859172329
0.21497262908714307,0.9215565163681285
0.21526853084775854,0.9215565163681285
0.21526853084775854,0.9221741815935763
0.21837549933422104,0.9221741815935763
0.21837549933422104,0.922791846819024
0.2197070572569907,0.922791846819024
0.2197070572569907,0.9234095120444719
0.22163041870099126,0.9234095120444719
0.22192632046160674,0.9234095120444719
0.22518123982837698,0.9234095120444719
0.22518123982837698,0.9240271772699197
0.23376239088622577,0.9240271772699197
0.23376239088622577,0.9252625077208153
0.23642550673176504,0.9252625077208153
0.23672140849238052,0.9252625077208153
0.23716526113330375,0.9252625077208153
0.23716526113330375,0.9258801729462631
0.2389406716969966,0.9258801729462631
0.2389406716969966,0.9264978381717109
0.24027222961976624,0.9264978381717109
0.24027222961976624,0.9271155033971588
0.24115993490161267,0.9271155033971588
0.24115993490161267,0.9277331686226066
0.2429353454653055,0.9277331686226066
0.2429353454653055,0.9283508338480544
0.24382305074715194,0.9283508338480544
0.24382305074715194,0.9289684990735022
0.2439710016274597,0.9289684990735022
0.2439710016274597,0.92958616429895
0.24663411747299896,0.92958616429895
0.24663411747299896,0.9302038295243977
0.24752182275484538,0.9302038295243977
0.24752182275484538,0.9308214947498455
0.24900133155792276,0.9308214947498455
0.24900133155792276,0.9314391599752934
0.2562509246930019,0.9314391599752934
0.2562509246930019,0.9320568252007412
0.25639887557330965,0.9320568252007412
0.25639887557330965,0.932674490426189
0.25787838437638705,0.932674490426189
0.25787838437638705,0.9332921556516368
0.26054150022192635,0.9332921556516368
0.26054150022192635,0.9339098208770846
0.26734724071608224,0.9339098208770846
0.26734724071608224,0.9345274861025324
0.26882674951915964,0.9345274861025324
0.26882674951915964,0.9363804817788759
0.26897470039946736,0.9363804817788759
0.26897470039946736,0.9369981470043237
0.2694185530403906,0.9369981470043237
0.2694185530403906,0.9376158122297714
0.27134191448439116,0.9376158122297714
0.27134191448439116,0.9382334774552192
0.2729693741677763,0.9382334774552192
0.2729693741677763,0.938851142680667
0.2769640479360852,0.938851142680667
0.2769640479360852,0.9394688079061149
0.2784435567391626,0.9394688079061149
0.27873945849977805,0.9394688079061149
0.27992306554224,0.9394688079061149
0.27992306554224,0.9400864731315627
0.283325935789318,0.9400864731315627
0.283325935789318,0.9407041383570105
0.28687675691670367,0.9407041383570105
0.28687675691670367,0.9413218035824583
0.2873206095576269,0.9413218035824583
0.2873206095576269,0.9419394688079061
0.28776446219855006,0.9419394688079061
0.28776446219855006,0.942557134033354
0.2960497114957834,0.942557134033354
0.2960497114957834,0.9431747992588018
0.29738126941855303,0.9431747992588018
0.29738126941855303,0.9437924644842496
0.3006361887853233,0.9437924644842496
0.3006361887853233,0.9444101297096974
0.3009320905459387,0.9444101297096974
0.3009320905459387,0.9450277949351451
0.3010800414262465,0.9450277949351451
0.3010800414262465,0.9456454601605929
0.3018197958277852,0.9456454601605929
0.3018197958277852,0.9468807906114886
0.3027075011096316,0.9468807906114886
0.3031513537505548,0.9468807906114886
0.3086255363219411,0.9468807906114886
0.3086255363219411,0.9481161210623842
0.30921733984317207,0.9481161210623842
0.30921733984317207,0.948733786287832
0.31898209794348276,0.948733786287832
0.31898209794348276,0.9493514515132798
0.32268086995117623,0.9493514515132798
0.32268086995117623,0.9499691167387276
0.3241603787542536,0.9499691167387276
0.3244562805148691,0.9499691167387276
0.3271193963604083,0.9499691167387276
0.3271193963604083,0.9505867819641755
0.32771119988163927,0.9505867819641755
0.32771119988163927,0.9512044471896233
0.3355525965379494,0.9512044471896233
0.3355525965379494,0.9518221124150711
0.3357005474182571,0.9518221124150711
0.3357005474182571,0.9524397776405188
0.3359964491788726,0.9524397776405188
0.3359964491788726,0.9536751080914144
0.3504956354490309,0.9536751080914144
0.3504956354490309,0.9549104385423101
0.35375055481580114,0.9549104385423101
0.35375055481580114,0.9555281037677579
0.3581890812250333,0.9555281037677579
0.3581890812250333,0.9561457689932057
0.3605562953099571,0.9561457689932057
0.3605562953099571,0.9567634342186535
0.361739902352419,0.9567634342186535
0.361739902352419,0.9573810994441013
0.3621837549933422,0.9573810994441013
0.3621837549933422,0.9579987646695491
0.36588252700103563,0.9579987646695491
0.36588252700103563,0.958616429894997
0.36617842876165113,0.958616429894997
0.36617842876165113,0.9592340951204448
0.3691374463678059,0.9592340951204448
0.3691374463678059,0.9598517603458925
0.3709128569314987,0.9598517603458925
0.3709128569314987,0.9604694255713403
0.39280958721704395,0.9604694255713403
0.39280958721704395,0.9610870907967881
0.3934013907382749,0.9610870907967881
0.3934013907382749,0.9617047560222359
0.3994673768308921,0.9617047560222359
0.3994673768308921,0.9623224212476837
0.40065098387335407,0.9623224212476837
0.40065098387335407,0.9629400864731316
0.40612516644474034,0.9629400864731316
0.40612516644474034,0.9635577516985794
0.40745672436750996,0.9635577516985794
0.40745672436750996,0.9641754169240272
0.4107116437342802,0.9641754169240272
0.4107116437342802,0.964793082149475
0.41085959461458793,0.964793082149475
0.41085959461458793,0.9654107473749228
0.4129309069388963,0.9654107473749228
0.4129309069388963,0.9660284126003706
0.41662967894658975,0.9660284126003706
0.41662967894658975,0.9666460778258185
0.42373132120136114,0.9666460778258185
0.42373132120136114,0.9672637430512662
0.42624648616659266,0.9672637430512662
0.42624648616659266,0.967881408276714
0.4297973072939784,0.967881408276714
0.4297973072939784,0.9684990735021618
0.4330522266607486,0.9684990735021618
0.4330522266607486,0.9691167387276096
0.4352714898653647,0.9691167387276096
0.4352714898653647,0.9703520691785052
0.43541944074567246,0.9703520691785052
0.43541944074567246,0.9709697344039531
0.4367509986684421,0.9709697344039531
0.4367509986684421,0.9715873996294009
0.4382305074715195,0.9715873996294009
0.4382305074715195,0.9722050648548487
0.44873501997336884,0.9722050648548487
0.44873501997336884,0.9728227300802965
0.45509690782660156,0.9728227300802965
0.45509690782660156,0.9734403953057443
0.4580559254327563,0.9734403953057443
0.4580559254327563,0.9740580605311921
0.4685604379346057,0.9740580605311921
0.4685604379346057,0.9746757257566399
0.4704837993786063,0.9746757257566399
0.4704837993786063,0.9752933909820877
0.47181535730137597,0.9752933909820877
0.47181535730137597,0.9759110562075355
0.49415594022784437,0.9759110562075355
0.49415594022784437,0.9765287214329833
0.49504364550969077,0.9765287214329833
0.49504364550969077,0.9771463866584311
0.5049563544903092,0.9771463866584311
0.5049563544903092,0.9777640518838789
0.5056961088918479,0.9777640518838789
0.5059920106524634,0.9777640518838789
0.5074715194555408,0.9777640518838789
0.5074715194555408,0.9783817171093268
0.5096907826601569,0.9783817171093268
0.5096907826601569,0.9789993823347746
0.5187157863589288,0.9789993823347746
0.5187157863589288,0.9796170475602224
0.5213789022044681,0.9796170475602224
0.5213789022044681,0.9802347127856702
0.5264092321349312,0.9802347127856702
0.5264092321349312,0.980852378011118
0.5304039059032402,0.980852378011118
0.5304039059032402,0.9814700432365658
0.5394289096020122,0.9814700432365658
0.5394289096020122,0.9820877084620135
0.5491936677023228,0.9820877084620135
0.5491936677023228,0.9827053736874614
0.5585145731617103,0.9827053736874614
0.5585145731617103,0.9833230389129092
0.5644326083740199,0.9833230389129092
0.5644326083740199,0.983940704138357
0.5650244118952508,0.983940704138357
0.5650244118952508,0.9845583693638048
0.5653203136558662,0.9845583693638048
0.5653203136558662,0.9851760345892526
0.5912117177097204,0.9851760345892526
0.5912117177097204,0.9857936998147004
0.5997928687675692,0.9857936998147004
0.5997928687675692,0.9864113650401483
0.5999408196478769,0.9864113650401483
0.5999408196478769,0.9870290302655961
0.6088178724663412,0.9870290302655961
0.6088178724663412,0.9876466954910439
0.6110371356709572,0.9876466954910439
0.6110371356709572,0.9882643607164917
0.6216895990531144,0.9882643607164917
0.6216895990531144,0.9888820259419395
0.6250924693001924,0.9888820259419395
0.6250924693001924,0.9894996911673872
0.6253883710608078,0.9894996911673872
0.6253883710608078,0.990117356392835
0.6316023080337329,0.990117356392835
0.6316023080337329,0.9907350216182829
0.6367805888445036,0.9907350216182829
0.6367805888445036,0.9913526868437307
0.6370764906051191,0.9913526868437307
0.6370764906051191,0.9919703520691785
0.6415150170143512,0.9919703520691785
0.6415150170143512,0.9925880172946263
0.6461014943038911,0.9925880172946263
0.6461014943038911,0.9932056825200741
0.6466932978251221,0.9932056825200741
0.6466932978251221,0.993823347745522
0.653499038319278,0.993823347745522
0.653499038319278,0.9944410129709698
0.6592691226512798,0.9944410129709698
0.6595650244118952,0.9944410129709698
0.6715490457168221,0.9944410129709698
0.6715490457168221,0.9950586781964176
0.7187453765349904,0.9950586781964176
0.7187453765349904,0.9956763434218654
0.7188933274152981,0.9956763434218654
0.7188933274152981,0.9962940086473132
0.7326527592839177,0.9962940086473132
0.7326527592839177,0.9969116738727609
0.7328007101642254,0.9969116738727609
0.7328007101642254,0.9975293390982087
0.7348720224885338,0.9975293390982087
0.7348720224885338,0.9981470043236566
0.7468560437934606,0.9981470043236566
0.747151945554076,0.9981470043236566
0.7683089214380826,0.9981470043236566
0.7683089214380826,0.9987646695491044
0.8684716674064211,0.9987646695491044
0.8684716674064211,0.9993823347745522
0.8698032253291907,0.9993823347745522
0.8698032253291907,1.0
1.0,1.0
